"","datafilePath","md5sum","fileSize","biologicalCategory","organisation","patientId","projectName","protocol","technicalPlatform"
"1","/odin/kdi/dataset/2217390/archive/M2_C1_n1_S1_I1_001.fastq.gz","062328b52386525df8ffe6c501d51c54",570183840,"transcriptomics","Plateforme de Genomique Recherche",NA,"P37_ARJA_1|SHARING_P37_ARJA_1|mooseQC","mRNA-seq","NovaSeq"
"2","/odin/kdi/dataset/2217390/archive/M2_C1_n1_S1_I2_001.fastq.gz","c61b529f331258d7ba598802ca1c68d7",609650698,"transcriptomics","Plateforme de Genomique Recherche",NA,"P37_ARJA_1|SHARING_P37_ARJA_1|mooseQC","mRNA-seq","NovaSeq"
"3","/odin/kdi/dataset/2217390/archive/M2_C1_n1_S1_R1_001.fastq.gz","ed7fb012aee568938030e039eeaaf179",4507599660,"transcriptomics","Plateforme de Genomique Recherche",NA,"P37_ARJA_1|SHARING_P37_ARJA_1|mooseQC","mRNA-seq","NovaSeq"
"4","/odin/kdi/dataset/2217390/archive/M2_C1_n1_S1_R2_001.fastq.gz","23e64ed4b8da04a9ebd8ef729df73923",4640943557,"transcriptomics","Plateforme de Genomique Recherche",NA,"P37_ARJA_1|SHARING_P37_ARJA_1|mooseQC","mRNA-seq","NovaSeq"
"5","/odin/kdi/dataset/2217391/archive/M2_Mido_n2_S18_I1_001.fastq.gz","57970de84cb3c8b380e7de3277754347",347901184,"transcriptomics","Plateforme de Genomique Recherche",NA,"P37_ARJA_1|SHARING_P37_ARJA_1|mooseQC","mRNA-seq","NovaSeq"
"6","/odin/kdi/dataset/2217391/archive/M2_Mido_n2_S18_I2_001.fastq.gz","8d324402cb0988395686a26d5d4110a5",355405775,"transcriptomics","Plateforme de Genomique Recherche",NA,"P37_ARJA_1|SHARING_P37_ARJA_1|mooseQC","mRNA-seq","NovaSeq"
"7","/odin/kdi/dataset/2217391/archive/M2_Mido_n2_S18_R1_001.fastq.gz","1c8423654c55009053a3e4339153bee7",2630314378,"transcriptomics","Plateforme de Genomique Recherche",NA,"P37_ARJA_1|SHARING_P37_ARJA_1|mooseQC","mRNA-seq","NovaSeq"
"8","/odin/kdi/dataset/2217391/archive/M2_Mido_n2_S18_R2_001.fastq.gz","f1d62e8ccb99e03a2498ee49ac45ad4e",2638019372,"transcriptomics","Plateforme de Genomique Recherche",NA,"P37_ARJA_1|SHARING_P37_ARJA_1|mooseQC","mRNA-seq","NovaSeq"
"9","/odin/kdi/dataset/2217392/archive/M2_Sora_n5_S50_I1_001.fastq.gz","6746bdffe9b5ad642e9647e8ad2a4449",698202770,"transcriptomics","Plateforme de Genomique Recherche",NA,"P37_ARJA_1|SHARING_P37_ARJA_1|mooseQC","mRNA-seq","NovaSeq"
"10","/odin/kdi/dataset/2217392/archive/M2_Sora_n5_S50_I2_001.fastq.gz","48de193ee4514890bc4d374a3a70cd2a",704038457,"transcriptomics","Plateforme de Genomique Recherche",NA,"P37_ARJA_1|SHARING_P37_ARJA_1|mooseQC","mRNA-seq","NovaSeq"
"11","/odin/kdi/dataset/2217392/archive/M2_Sora_n5_S50_R1_001.fastq.gz","940fc76a69a9a26d7ae7dc7b3b9c4a2d",5250911197,"transcriptomics","Plateforme de Genomique Recherche",NA,"P37_ARJA_1|SHARING_P37_ARJA_1|mooseQC","mRNA-seq","NovaSeq"
"12","/odin/kdi/dataset/2217392/archive/M2_Sora_n5_S50_R2_001.fastq.gz","3b52a398bcdc8754f91f922eb80537d2",5316073625,"transcriptomics","Plateforme de Genomique Recherche",NA,"P37_ARJA_1|SHARING_P37_ARJA_1|mooseQC","mRNA-seq","NovaSeq"
"13","/odin/kdi/dataset/2217393/archive/M2_Creno_n4_S34_I1_001.fastq.gz","a63fd67241c2f1078f88fa1be7613d53",648700931,"transcriptomics","Plateforme de Genomique Recherche",NA,"P37_ARJA_1|SHARING_P37_ARJA_1|mooseQC","mRNA-seq","NovaSeq"
"14","/odin/kdi/dataset/2217393/archive/M2_Creno_n4_S34_I2_001.fastq.gz","de8a307e2ddf9b5f871667b31443d785",661727774,"transcriptomics","Plateforme de Genomique Recherche",NA,"P37_ARJA_1|SHARING_P37_ARJA_1|mooseQC","mRNA-seq","NovaSeq"
"15","/odin/kdi/dataset/2217393/archive/M2_Creno_n4_S34_R1_001.fastq.gz","0d90a03e784de45edc8bcae099e8ce74",5161654091,"transcriptomics","Plateforme de Genomique Recherche",NA,"P37_ARJA_1|SHARING_P37_ARJA_1|mooseQC","mRNA-seq","NovaSeq"
"16","/odin/kdi/dataset/2217393/archive/M2_Creno_n4_S34_R2_001.fastq.gz","424d01d95f0966f1c57f69ea457ac76a",5305707716,"transcriptomics","Plateforme de Genomique Recherche",NA,"P37_ARJA_1|SHARING_P37_ARJA_1|mooseQC","mRNA-seq","NovaSeq"
"17","/odin/kdi/dataset/2217394/archive/M2_C5_n2_S19_I1_001.fastq.gz","a6b0a22e1b4e036ced9964b6cb79af01",387201570,"transcriptomics","Plateforme de Genomique Recherche",NA,"P37_ARJA_1|SHARING_P37_ARJA_1|mooseQC","mRNA-seq","NovaSeq"
"18","/odin/kdi/dataset/2217394/archive/M2_C5_n2_S19_I2_001.fastq.gz","11c5045b5e796de72b75e8dc7bd8f665",406460485,"transcriptomics","Plateforme de Genomique Recherche",NA,"P37_ARJA_1|SHARING_P37_ARJA_1|mooseQC","mRNA-seq","NovaSeq"
"19","/odin/kdi/dataset/2217394/archive/M2_C5_n2_S19_R1_001.fastq.gz","5884faf72e79d9bd7f6a080e172aaa90",2921465365,"transcriptomics","Plateforme de Genomique Recherche",NA,"P37_ARJA_1|SHARING_P37_ARJA_1|mooseQC","mRNA-seq","NovaSeq"
"20","/odin/kdi/dataset/2217394/archive/M2_C5_n2_S19_R2_001.fastq.gz","a149b72b95efd3a0e7b5c0fd9ad78582",2989917140,"transcriptomics","Plateforme de Genomique Recherche",NA,"P37_ARJA_1|SHARING_P37_ARJA_1|mooseQC","mRNA-seq","NovaSeq"
"21","/odin/kdi/dataset/2217395/archive/M2_Gilt_n1_S2_I1_001.fastq.gz","2367962ab65fe06173f94d0a271ab60e",599454700,"transcriptomics","Plateforme de Genomique Recherche",NA,"P37_ARJA_1|SHARING_P37_ARJA_1|mooseQC","mRNA-seq","NovaSeq"
"22","/odin/kdi/dataset/2217395/archive/M2_Gilt_n1_S2_I2_001.fastq.gz","08de9cf89b4f8edbe18d2d79cd83c345",640347923,"transcriptomics","Plateforme de Genomique Recherche",NA,"P37_ARJA_1|SHARING_P37_ARJA_1|mooseQC","mRNA-seq","NovaSeq"
"23","/odin/kdi/dataset/2217395/archive/M2_Gilt_n1_S2_R1_001.fastq.gz","43ce59939d5ed926da22d697a761f962",4826651137,"transcriptomics","Plateforme de Genomique Recherche",NA,"P37_ARJA_1|SHARING_P37_ARJA_1|mooseQC","mRNA-seq","NovaSeq"
"24","/odin/kdi/dataset/2217395/archive/M2_Gilt_n1_S2_R2_001.fastq.gz","f330b5d1b5ca1e58b0c5ef09dd8363b7",4911631109,"transcriptomics","Plateforme de Genomique Recherche",NA,"P37_ARJA_1|SHARING_P37_ARJA_1|mooseQC","mRNA-seq","NovaSeq"
"25","/odin/kdi/dataset/2217396/archive/M2_C3_n4_S35_I1_001.fastq.gz","fc3713700acacaf5aefb2c85def5cf4b",494484621,"transcriptomics","Plateforme de Genomique Recherche",NA,"P37_ARJA_1|SHARING_P37_ARJA_1|mooseQC","mRNA-seq","NovaSeq"
"26","/odin/kdi/dataset/2217396/archive/M2_C3_n4_S35_I2_001.fastq.gz","75297139c390199f03bf06ec7f7d8747",467464469,"transcriptomics","Plateforme de Genomique Recherche",NA,"P37_ARJA_1|SHARING_P37_ARJA_1|mooseQC","mRNA-seq","NovaSeq"
"27","/odin/kdi/dataset/2217396/archive/M2_C3_n4_S35_R1_001.fastq.gz","7dc220e735f65338361031e583e20080",3618081844,"transcriptomics","Plateforme de Genomique Recherche",NA,"P37_ARJA_1|SHARING_P37_ARJA_1|mooseQC","mRNA-seq","NovaSeq"
"28","/odin/kdi/dataset/2217396/archive/M2_C3_n4_S35_R2_001.fastq.gz","2ef8da85304577b515ad2b5349cffca5",3699802610,"transcriptomics","Plateforme de Genomique Recherche",NA,"P37_ARJA_1|SHARING_P37_ARJA_1|mooseQC","mRNA-seq","NovaSeq"
"29","/odin/kdi/dataset/2217397/archive/M2_Sora_n2_S20_I1_001.fastq.gz","5cadb9d97e057f84c785632e6419f98b",420124751,"transcriptomics","Plateforme de Genomique Recherche",NA,"P37_ARJA_1|SHARING_P37_ARJA_1|mooseQC","mRNA-seq","NovaSeq"
"30","/odin/kdi/dataset/2217397/archive/M2_Sora_n2_S20_I2_001.fastq.gz","5bc9df109a1fae76052f58129da4c7a1",460965957,"transcriptomics","Plateforme de Genomique Recherche",NA,"P37_ARJA_1|SHARING_P37_ARJA_1|mooseQC","mRNA-seq","NovaSeq"
"31","/odin/kdi/dataset/2217397/archive/M2_Sora_n2_S20_R1_001.fastq.gz","d5611769a8697f316b52f520facbd4a3",3091695158,"transcriptomics","Plateforme de Genomique Recherche",NA,"P37_ARJA_1|SHARING_P37_ARJA_1|mooseQC","mRNA-seq","NovaSeq"
"32","/odin/kdi/dataset/2217397/archive/M2_Sora_n2_S20_R2_001.fastq.gz","7482f5a308a0ef6c9ecd110c3a861f50",3237404832,"transcriptomics","Plateforme de Genomique Recherche",NA,"P37_ARJA_1|SHARING_P37_ARJA_1|mooseQC","mRNA-seq","NovaSeq"
"33","/odin/kdi/dataset/2217398/archive/M2_Quiz_n4_S36_I1_001.fastq.gz","57cc32637f94bb4c7bdafbafc995e9d2",395611513,"transcriptomics","Plateforme de Genomique Recherche",NA,"P37_ARJA_1|SHARING_P37_ARJA_1|mooseQC","mRNA-seq","NovaSeq"
"34","/odin/kdi/dataset/2217398/archive/M2_Quiz_n4_S36_I2_001.fastq.gz","0c35c97e4dc0dcb926199893b4cbb663",411457914,"transcriptomics","Plateforme de Genomique Recherche",NA,"P37_ARJA_1|SHARING_P37_ARJA_1|mooseQC","mRNA-seq","NovaSeq"
"35","/odin/kdi/dataset/2217398/archive/M2_Quiz_n4_S36_R1_001.fastq.gz","bc0feab687f301dc96051f38b4ad77c2",3107791729,"transcriptomics","Plateforme de Genomique Recherche",NA,"P37_ARJA_1|SHARING_P37_ARJA_1|mooseQC","mRNA-seq","NovaSeq"
"36","/odin/kdi/dataset/2217398/archive/M2_Quiz_n4_S36_R2_001.fastq.gz","b0d74456493642e105bcc7dec56e1796",3183772447,"transcriptomics","Plateforme de Genomique Recherche",NA,"P37_ARJA_1|SHARING_P37_ARJA_1|mooseQC","mRNA-seq","NovaSeq"
"37","/odin/kdi/dataset/2217399/archive/M2_C1_n3_S21_I1_001.fastq.gz","69970c58928281e2475970f8466697ae",369523730,"transcriptomics","Plateforme de Genomique Recherche",NA,"P37_ARJA_1|SHARING_P37_ARJA_1|mooseQC","mRNA-seq","NovaSeq"
"38","/odin/kdi/dataset/2217399/archive/M2_C1_n3_S21_I2_001.fastq.gz","af50be6672fa560f57b9992372689fb5",359686423,"transcriptomics","Plateforme de Genomique Recherche",NA,"P37_ARJA_1|SHARING_P37_ARJA_1|mooseQC","mRNA-seq","NovaSeq"
"39","/odin/kdi/dataset/2217399/archive/M2_C1_n3_S21_R1_001.fastq.gz","73d5a1a2f7bb361fd1288e340df256e5",2695645060,"transcriptomics","Plateforme de Genomique Recherche",NA,"P37_ARJA_1|SHARING_P37_ARJA_1|mooseQC","mRNA-seq","NovaSeq"
"40","/odin/kdi/dataset/2217399/archive/M2_C1_n3_S21_R2_001.fastq.gz","91da6c5c233043e2e6b240bbc42ac88e",2796684652,"transcriptomics","Plateforme de Genomique Recherche",NA,"P37_ARJA_1|SHARING_P37_ARJA_1|mooseQC","mRNA-seq","NovaSeq"
"41","/odin/kdi/dataset/2217400/archive/M2_C2_n1_S3_I1_001.fastq.gz","271554e6e292dfa4e3bdc265078edd83",646021232,"transcriptomics","Plateforme de Genomique Recherche",NA,"P37_ARJA_1|SHARING_P37_ARJA_1|mooseQC","mRNA-seq","NovaSeq"
"42","/odin/kdi/dataset/2217400/archive/M2_C2_n1_S3_I2_001.fastq.gz","75773b99fae19713d57f80507bdee302",622253705,"transcriptomics","Plateforme de Genomique Recherche",NA,"P37_ARJA_1|SHARING_P37_ARJA_1|mooseQC","mRNA-seq","NovaSeq"
"43","/odin/kdi/dataset/2217400/archive/M2_C2_n1_S3_R1_001.fastq.gz","c13f0cbdf80d4deea1350b062e55e9f9",4569005675,"transcriptomics","Plateforme de Genomique Recherche",NA,"P37_ARJA_1|SHARING_P37_ARJA_1|mooseQC","mRNA-seq","NovaSeq"
"44","/odin/kdi/dataset/2217400/archive/M2_C2_n1_S3_R2_001.fastq.gz","c95157149eb7c790207172318c272e9f",4640047799,"transcriptomics","Plateforme de Genomique Recherche",NA,"P37_ARJA_1|SHARING_P37_ARJA_1|mooseQC","mRNA-seq","NovaSeq"
"45","/odin/kdi/dataset/2217401/archive/M2_Gilt_n3_S22_I1_001.fastq.gz","5eac030ae609c2598a1d1c73a89a4450",281842894,"transcriptomics","Plateforme de Genomique Recherche",NA,"P37_ARJA_1|SHARING_P37_ARJA_1|mooseQC","mRNA-seq","NovaSeq"
"46","/odin/kdi/dataset/2217401/archive/M2_Gilt_n3_S22_I2_001.fastq.gz","d22ac8329c5006375bd4e2dcef5f36c9",302270141,"transcriptomics","Plateforme de Genomique Recherche",NA,"P37_ARJA_1|SHARING_P37_ARJA_1|mooseQC","mRNA-seq","NovaSeq"
"47","/odin/kdi/dataset/2217401/archive/M2_Gilt_n3_S22_R1_001.fastq.gz","7b4f7c46195720e950da3ee247029983",2139195096,"transcriptomics","Plateforme de Genomique Recherche",NA,"P37_ARJA_1|SHARING_P37_ARJA_1|mooseQC","mRNA-seq","NovaSeq"
"48","/odin/kdi/dataset/2217401/archive/M2_Gilt_n3_S22_R2_001.fastq.gz","09106fc25b06bb1aac114ba0e381e309",2219208303,"transcriptomics","Plateforme de Genomique Recherche",NA,"P37_ARJA_1|SHARING_P37_ARJA_1|mooseQC","mRNA-seq","NovaSeq"
"49","/odin/kdi/dataset/2217402/archive/M2_C4_n4_S37_I1_001.fastq.gz","f5be39f3ad864a428f49b3196d5c8417",662328162,"transcriptomics","Plateforme de Genomique Recherche",NA,"P37_ARJA_1|SHARING_P37_ARJA_1|mooseQC","mRNA-seq","NovaSeq"
"50","/odin/kdi/dataset/2217402/archive/M2_C4_n4_S37_I2_001.fastq.gz","33e73a1077b15a1ee7e405ec4187cd91",667551383,"transcriptomics","Plateforme de Genomique Recherche",NA,"P37_ARJA_1|SHARING_P37_ARJA_1|mooseQC","mRNA-seq","NovaSeq"
"51","/odin/kdi/dataset/2217402/archive/M2_C4_n4_S37_R1_001.fastq.gz","795adcec1f6d74049adc142cca29e68a",5275936768,"transcriptomics","Plateforme de Genomique Recherche",NA,"P37_ARJA_1|SHARING_P37_ARJA_1|mooseQC","mRNA-seq","NovaSeq"
"52","/odin/kdi/dataset/2217402/archive/M2_C4_n4_S37_R2_001.fastq.gz","b0313efce9db91cb95dfd3b7194daa29",5382476754,"transcriptomics","Plateforme de Genomique Recherche",NA,"P37_ARJA_1|SHARING_P37_ARJA_1|mooseQC","mRNA-seq","NovaSeq"
"53","/odin/kdi/dataset/2217403/archive/M2_Creno_n1_S4_I1_001.fastq.gz","a98193aca5284723a9104097d1e43246",31199039,"transcriptomics","Plateforme de Genomique Recherche",NA,"P37_ARJA_1|SHARING_P37_ARJA_1|mooseQC","mRNA-seq","NovaSeq"
"54","/odin/kdi/dataset/2217403/archive/M2_Creno_n1_S4_I2_001.fastq.gz","82c7a88205e9b5a59ed242d1bcc6d06d",29706815,"transcriptomics","Plateforme de Genomique Recherche",NA,"P37_ARJA_1|SHARING_P37_ARJA_1|mooseQC","mRNA-seq","NovaSeq"
"55","/odin/kdi/dataset/2217403/archive/M2_Creno_n1_S4_R1_001.fastq.gz","6fda3ef048d1fa23f70819cb99279bcb",172202839,"transcriptomics","Plateforme de Genomique Recherche",NA,"P37_ARJA_1|SHARING_P37_ARJA_1|mooseQC","mRNA-seq","NovaSeq"
"56","/odin/kdi/dataset/2217403/archive/M2_Creno_n1_S4_R2_001.fastq.gz","391c913c8a3b43d6a652ec6fd2764be0",173023638,"transcriptomics","Plateforme de Genomique Recherche",NA,"P37_ARJA_1|SHARING_P37_ARJA_1|mooseQC","mRNA-seq","NovaSeq"
"57","/odin/kdi/dataset/2217404/archive/M2_C2_n3_S23_I1_001.fastq.gz","08e1dddab54e98d611285681964c1b6a",266051940,"transcriptomics","Plateforme de Genomique Recherche",NA,"P37_ARJA_1|SHARING_P37_ARJA_1|mooseQC","mRNA-seq","NovaSeq"
"58","/odin/kdi/dataset/2217404/archive/M2_C2_n3_S23_I2_001.fastq.gz","06093f59f7b2599776bc65a9caafa811",281744089,"transcriptomics","Plateforme de Genomique Recherche",NA,"P37_ARJA_1|SHARING_P37_ARJA_1|mooseQC","mRNA-seq","NovaSeq"
"59","/odin/kdi/dataset/2217404/archive/M2_C2_n3_S23_R1_001.fastq.gz","fb3d1f9ad8749407412dec07cbf25ee7",2095692228,"transcriptomics","Plateforme de Genomique Recherche",NA,"P37_ARJA_1|SHARING_P37_ARJA_1|mooseQC","mRNA-seq","NovaSeq"
"60","/odin/kdi/dataset/2217404/archive/M2_C2_n3_S23_R2_001.fastq.gz","fc8f83a4a40130987ce8d64eafca6e9e",2156462716,"transcriptomics","Plateforme de Genomique Recherche",NA,"P37_ARJA_1|SHARING_P37_ARJA_1|mooseQC","mRNA-seq","NovaSeq"
"61","/odin/kdi/dataset/2217405/archive/M2_C3_n1_S5_I1_001.fastq.gz","dcce0b34706f3d683ef52814c797948d",533764894,"transcriptomics","Plateforme de Genomique Recherche",NA,"P37_ARJA_1|SHARING_P37_ARJA_1|mooseQC","mRNA-seq","NovaSeq"
"62","/odin/kdi/dataset/2217405/archive/M2_C3_n1_S5_I2_001.fastq.gz","024edfe325730ea8ce3d1147d87ec30b",582898604,"transcriptomics","Plateforme de Genomique Recherche",NA,"P37_ARJA_1|SHARING_P37_ARJA_1|mooseQC","mRNA-seq","NovaSeq"
"63","/odin/kdi/dataset/2217405/archive/M2_C3_n1_S5_R1_001.fastq.gz","c9d8aa5565d1111813203fc043319754",4275504515,"transcriptomics","Plateforme de Genomique Recherche",NA,"P37_ARJA_1|SHARING_P37_ARJA_1|mooseQC","mRNA-seq","NovaSeq"
"64","/odin/kdi/dataset/2217405/archive/M2_C3_n1_S5_R2_001.fastq.gz","5933f4005bc55804f7230d668ae8f27e",4384499379,"transcriptomics","Plateforme de Genomique Recherche",NA,"P37_ARJA_1|SHARING_P37_ARJA_1|mooseQC","mRNA-seq","NovaSeq"
"65","/odin/kdi/dataset/2217406/archive/M2_Creno_n3_S24_I1_001.fastq.gz","746420d8092e630af6a902be5c85ce64",652315145,"transcriptomics","Plateforme de Genomique Recherche",NA,"P37_ARJA_1|SHARING_P37_ARJA_1|mooseQC","mRNA-seq","NovaSeq"
"66","/odin/kdi/dataset/2217406/archive/M2_Creno_n3_S24_I2_001.fastq.gz","9fd5e898aebbf047980011137683d2af",729910119,"transcriptomics","Plateforme de Genomique Recherche",NA,"P37_ARJA_1|SHARING_P37_ARJA_1|mooseQC","mRNA-seq","NovaSeq"
"67","/odin/kdi/dataset/2217406/archive/M2_Creno_n3_S24_R1_001.fastq.gz","13af22af5acee43ae83f151696cc6035",5625073291,"transcriptomics","Plateforme de Genomique Recherche",NA,"P37_ARJA_1|SHARING_P37_ARJA_1|mooseQC","mRNA-seq","NovaSeq"
"68","/odin/kdi/dataset/2217406/archive/M2_Creno_n3_S24_R2_001.fastq.gz","ecdc0b0294666aed46cb9523fa353582",5818334459,"transcriptomics","Plateforme de Genomique Recherche",NA,"P37_ARJA_1|SHARING_P37_ARJA_1|mooseQC","mRNA-seq","NovaSeq"
"69","/odin/kdi/dataset/2217407/archive/M2_Mido_n4_S38_I1_001.fastq.gz","fcdc09342c202a6baddde12cb4b721c5",435519215,"transcriptomics","Plateforme de Genomique Recherche",NA,"P37_ARJA_1|SHARING_P37_ARJA_1|mooseQC","mRNA-seq","NovaSeq"
"70","/odin/kdi/dataset/2217407/archive/M2_Mido_n4_S38_I2_001.fastq.gz","e20ffd8ee34b57800956ff21fc67987b",457528995,"transcriptomics","Plateforme de Genomique Recherche",NA,"P37_ARJA_1|SHARING_P37_ARJA_1|mooseQC","mRNA-seq","NovaSeq"
"71","/odin/kdi/dataset/2217407/archive/M2_Mido_n4_S38_R1_001.fastq.gz","1e28c3a5d3e9a872f5dfc794a2e8f8db",3422114565,"transcriptomics","Plateforme de Genomique Recherche",NA,"P37_ARJA_1|SHARING_P37_ARJA_1|mooseQC","mRNA-seq","NovaSeq"
"72","/odin/kdi/dataset/2217407/archive/M2_Mido_n4_S38_R2_001.fastq.gz","2a69d3d459506aca8fbd313c3daf513b",3525367442,"transcriptomics","Plateforme de Genomique Recherche",NA,"P37_ARJA_1|SHARING_P37_ARJA_1|mooseQC","mRNA-seq","NovaSeq"
"73","/odin/kdi/dataset/2217408/archive/M2_Quiz_n1_S6_I1_001.fastq.gz","8bf4b1812d45e5161737932fc23dcd99",584526295,"transcriptomics","Plateforme de Genomique Recherche",NA,"P37_ARJA_1|SHARING_P37_ARJA_1|mooseQC","mRNA-seq","NovaSeq"
"74","/odin/kdi/dataset/2217408/archive/M2_Quiz_n1_S6_I2_001.fastq.gz","0168e77824ddff08b960a027c926e926",600460917,"transcriptomics","Plateforme de Genomique Recherche",NA,"P37_ARJA_1|SHARING_P37_ARJA_1|mooseQC","mRNA-seq","NovaSeq"
"75","/odin/kdi/dataset/2217408/archive/M2_Quiz_n1_S6_R1_001.fastq.gz","2b163eaed93f69eb37ac7f385d6c701f",4148721230,"transcriptomics","Plateforme de Genomique Recherche",NA,"P37_ARJA_1|SHARING_P37_ARJA_1|mooseQC","mRNA-seq","NovaSeq"
"76","/odin/kdi/dataset/2217408/archive/M2_Quiz_n1_S6_R2_001.fastq.gz","f994082880a89cb5dd51dc21136cbb90",4247127608,"transcriptomics","Plateforme de Genomique Recherche",NA,"P37_ARJA_1|SHARING_P37_ARJA_1|mooseQC","mRNA-seq","NovaSeq"
"77","/odin/kdi/dataset/2217409/archive/M2_C5_n4_S39_I1_001.fastq.gz","711f4c8db2b1ad4584f3f0e0e9c00fd1",478743708,"transcriptomics","Plateforme de Genomique Recherche",NA,"P37_ARJA_1|SHARING_P37_ARJA_1|mooseQC","mRNA-seq","NovaSeq"
"78","/odin/kdi/dataset/2217409/archive/M2_C5_n4_S39_I2_001.fastq.gz","531ceb2c99403d84c9b573988e79e2e3",462853533,"transcriptomics","Plateforme de Genomique Recherche",NA,"P37_ARJA_1|SHARING_P37_ARJA_1|mooseQC","mRNA-seq","NovaSeq"
"79","/odin/kdi/dataset/2217409/archive/M2_C5_n4_S39_R1_001.fastq.gz","f1b19e777722d2025e5d7f09775f221f",3717819776,"transcriptomics","Plateforme de Genomique Recherche",NA,"P37_ARJA_1|SHARING_P37_ARJA_1|mooseQC","mRNA-seq","NovaSeq"
"80","/odin/kdi/dataset/2217409/archive/M2_C5_n4_S39_R2_001.fastq.gz","a1057817108b1d8c60a026cad997cfd6",3781628209,"transcriptomics","Plateforme de Genomique Recherche",NA,"P37_ARJA_1|SHARING_P37_ARJA_1|mooseQC","mRNA-seq","NovaSeq"
"81","/odin/kdi/dataset/2217410/archive/M2_C3_n3_S25_I1_001.fastq.gz","8f7a4b236edc4b834df97bc1aecf38c4",657791341,"transcriptomics","Plateforme de Genomique Recherche",NA,"P37_ARJA_1|SHARING_P37_ARJA_1|mooseQC","mRNA-seq","NovaSeq"
"82","/odin/kdi/dataset/2217410/archive/M2_C3_n3_S25_I2_001.fastq.gz","a41fc8a5457035ed10e62db33c9df2b3",638172527,"transcriptomics","Plateforme de Genomique Recherche",NA,"P37_ARJA_1|SHARING_P37_ARJA_1|mooseQC","mRNA-seq","NovaSeq"
"83","/odin/kdi/dataset/2217410/archive/M2_C3_n3_S25_R1_001.fastq.gz","c3e6fa8ff29609db9d9fd7c2384a01af",5152264713,"transcriptomics","Plateforme de Genomique Recherche",NA,"P37_ARJA_1|SHARING_P37_ARJA_1|mooseQC","mRNA-seq","NovaSeq"
"84","/odin/kdi/dataset/2217410/archive/M2_C3_n3_S25_R2_001.fastq.gz","35d678cb76516f3070dd22b362046d77",5321698315,"transcriptomics","Plateforme de Genomique Recherche",NA,"P37_ARJA_1|SHARING_P37_ARJA_1|mooseQC","mRNA-seq","NovaSeq"
"85","/odin/kdi/dataset/2217411/archive/M2_C4_n1_S7_I1_001.fastq.gz","ec10151d830b22d7f6643b9d627aa9a9",517425045,"transcriptomics","Plateforme de Genomique Recherche",NA,"P37_ARJA_1|SHARING_P37_ARJA_1|mooseQC","mRNA-seq","NovaSeq"
"86","/odin/kdi/dataset/2217411/archive/M2_C4_n1_S7_I2_001.fastq.gz","b5f9ff199c5c60e738e79a4041444507",512080460,"transcriptomics","Plateforme de Genomique Recherche",NA,"P37_ARJA_1|SHARING_P37_ARJA_1|mooseQC","mRNA-seq","NovaSeq"
"87","/odin/kdi/dataset/2217411/archive/M2_C4_n1_S7_R1_001.fastq.gz","f0aa89d5f7c72e54bbec257a25d61898",3844105254,"transcriptomics","Plateforme de Genomique Recherche",NA,"P37_ARJA_1|SHARING_P37_ARJA_1|mooseQC","mRNA-seq","NovaSeq"
"88","/odin/kdi/dataset/2217411/archive/M2_C4_n1_S7_R2_001.fastq.gz","9ad223a5c7c268fdf7d7a0d7a1ee227f",3842231136,"transcriptomics","Plateforme de Genomique Recherche",NA,"P37_ARJA_1|SHARING_P37_ARJA_1|mooseQC","mRNA-seq","NovaSeq"
"89","/odin/kdi/dataset/2217412/archive/M2_Sora_n4_S40_I1_001.fastq.gz","b2d7732b4fcf087d475eb9fa2fc7f339",420610641,"transcriptomics","Plateforme de Genomique Recherche",NA,"P37_ARJA_1|SHARING_P37_ARJA_1|mooseQC","mRNA-seq","NovaSeq"
"90","/odin/kdi/dataset/2217412/archive/M2_Sora_n4_S40_I2_001.fastq.gz","495049b10f9e1023ae7883d37ccad02a",434132692,"transcriptomics","Plateforme de Genomique Recherche",NA,"P37_ARJA_1|SHARING_P37_ARJA_1|mooseQC","mRNA-seq","NovaSeq"
"91","/odin/kdi/dataset/2217412/archive/M2_Sora_n4_S40_R1_001.fastq.gz","3f6d0a3c8a5b02e04d9690e9f1af0409",3182571482,"transcriptomics","Plateforme de Genomique Recherche",NA,"P37_ARJA_1|SHARING_P37_ARJA_1|mooseQC","mRNA-seq","NovaSeq"
"92","/odin/kdi/dataset/2217412/archive/M2_Sora_n4_S40_R2_001.fastq.gz","50177979f6f882eceea6dc854b18012a",3293981573,"transcriptomics","Plateforme de Genomique Recherche",NA,"P37_ARJA_1|SHARING_P37_ARJA_1|mooseQC","mRNA-seq","NovaSeq"
"93","/odin/kdi/dataset/2217413/archive/M2_Mido_n1_S8_I1_001.fastq.gz","325ba154e1efc9b187cee0624252b86a",601479632,"transcriptomics","Plateforme de Genomique Recherche",NA,"P37_ARJA_1|SHARING_P37_ARJA_1|mooseQC","mRNA-seq","NovaSeq"
"94","/odin/kdi/dataset/2217413/archive/M2_Mido_n1_S8_I2_001.fastq.gz","a5c26543f3d204af5dd8e137a5adbafc",579307325,"transcriptomics","Plateforme de Genomique Recherche",NA,"P37_ARJA_1|SHARING_P37_ARJA_1|mooseQC","mRNA-seq","NovaSeq"
"95","/odin/kdi/dataset/2217413/archive/M2_Mido_n1_S8_R1_001.fastq.gz","160db228f843bf6e8057fa828c904648",4520111074,"transcriptomics","Plateforme de Genomique Recherche",NA,"P37_ARJA_1|SHARING_P37_ARJA_1|mooseQC","mRNA-seq","NovaSeq"
"96","/odin/kdi/dataset/2217413/archive/M2_Mido_n1_S8_R2_001.fastq.gz","7ee7f39ac355a625bd5bc52d51b700d2",4594608163,"transcriptomics","Plateforme de Genomique Recherche",NA,"P37_ARJA_1|SHARING_P37_ARJA_1|mooseQC","mRNA-seq","NovaSeq"
"97","/odin/kdi/dataset/2217414/archive/M2_Quiz_n3_S26_I1_001.fastq.gz","a92a8430a797a5fb5e2d8f32a48c9412",501383435,"transcriptomics","Plateforme de Genomique Recherche",NA,"P37_ARJA_1|SHARING_P37_ARJA_1|mooseQC","mRNA-seq","NovaSeq"
"98","/odin/kdi/dataset/2217414/archive/M2_Quiz_n3_S26_I2_001.fastq.gz","229a6fda54e8a31ad2d21fb8893c344e",476964793,"transcriptomics","Plateforme de Genomique Recherche",NA,"P37_ARJA_1|SHARING_P37_ARJA_1|mooseQC","mRNA-seq","NovaSeq"
"99","/odin/kdi/dataset/2217414/archive/M2_Quiz_n3_S26_R1_001.fastq.gz","77df7c35e29a9a3feecc4c8ae77ad358",3628387779,"transcriptomics","Plateforme de Genomique Recherche",NA,"P37_ARJA_1|SHARING_P37_ARJA_1|mooseQC","mRNA-seq","NovaSeq"
"100","/odin/kdi/dataset/2217414/archive/M2_Quiz_n3_S26_R2_001.fastq.gz","a9129441aa8c575f4f89dce7d933d89e",3678591768,"transcriptomics","Plateforme de Genomique Recherche",NA,"P37_ARJA_1|SHARING_P37_ARJA_1|mooseQC","mRNA-seq","NovaSeq"
"101","/odin/kdi/dataset/2217415/archive/M2_C1_n5_S41_I1_001.fastq.gz","a28bdaee539716f60b1ecfccf7f7db50",470614543,"transcriptomics","Plateforme de Genomique Recherche",NA,"P37_ARJA_1|SHARING_P37_ARJA_1|mooseQC","mRNA-seq","NovaSeq"
"102","/odin/kdi/dataset/2217415/archive/M2_C1_n5_S41_I2_001.fastq.gz","058c5c0effa87bc8cf5928ba0955dd7b",487573223,"transcriptomics","Plateforme de Genomique Recherche",NA,"P37_ARJA_1|SHARING_P37_ARJA_1|mooseQC","mRNA-seq","NovaSeq"
"103","/odin/kdi/dataset/2217415/archive/M2_C1_n5_S41_R1_001.fastq.gz","f3bad0430d11e3348db8cde326b2e371",3496648395,"transcriptomics","Plateforme de Genomique Recherche",NA,"P37_ARJA_1|SHARING_P37_ARJA_1|mooseQC","mRNA-seq","NovaSeq"
"104","/odin/kdi/dataset/2217415/archive/M2_C1_n5_S41_R2_001.fastq.gz","bbf3fc292a93f5c248bf469fac32a17f",3560230928,"transcriptomics","Plateforme de Genomique Recherche",NA,"P37_ARJA_1|SHARING_P37_ARJA_1|mooseQC","mRNA-seq","NovaSeq"
"105","/odin/kdi/dataset/2217416/archive/M2_C4_n3_S27_I1_001.fastq.gz","f43b11e45cc51a0cee4d4109a34fda9f",482992277,"transcriptomics","Plateforme de Genomique Recherche",NA,"P37_ARJA_1|SHARING_P37_ARJA_1|mooseQC","mRNA-seq","NovaSeq"
"106","/odin/kdi/dataset/2217416/archive/M2_C4_n3_S27_I2_001.fastq.gz","b10db6b8b4090f05317dbe60e3765082",488158216,"transcriptomics","Plateforme de Genomique Recherche",NA,"P37_ARJA_1|SHARING_P37_ARJA_1|mooseQC","mRNA-seq","NovaSeq"
"107","/odin/kdi/dataset/2217416/archive/M2_C4_n3_S27_R1_001.fastq.gz","9c7e50c858591d27cf6efebf9ffff250",3841006806,"transcriptomics","Plateforme de Genomique Recherche",NA,"P37_ARJA_1|SHARING_P37_ARJA_1|mooseQC","mRNA-seq","NovaSeq"
"108","/odin/kdi/dataset/2217416/archive/M2_C4_n3_S27_R2_001.fastq.gz","80439faa797daecfa7bb697bb9539df4",3921712903,"transcriptomics","Plateforme de Genomique Recherche",NA,"P37_ARJA_1|SHARING_P37_ARJA_1|mooseQC","mRNA-seq","NovaSeq"
"109","/odin/kdi/dataset/2217417/archive/M2_C5_n1_S9_I1_001.fastq.gz","d3113e032154e57b6f5906816ff03d0d",427761620,"transcriptomics","Plateforme de Genomique Recherche",NA,"P37_ARJA_1|SHARING_P37_ARJA_1|mooseQC","mRNA-seq","NovaSeq"
"110","/odin/kdi/dataset/2217417/archive/M2_C5_n1_S9_I2_001.fastq.gz","401d69b6b80b9ac7ae6b1eb5d9dabefc",473873914,"transcriptomics","Plateforme de Genomique Recherche",NA,"P37_ARJA_1|SHARING_P37_ARJA_1|mooseQC","mRNA-seq","NovaSeq"
"111","/odin/kdi/dataset/2217417/archive/M2_C5_n1_S9_R1_001.fastq.gz","b958899ebbe02ae51ef3bbec2b3c37ab",3263822706,"transcriptomics","Plateforme de Genomique Recherche",NA,"P37_ARJA_1|SHARING_P37_ARJA_1|mooseQC","mRNA-seq","NovaSeq"
"112","/odin/kdi/dataset/2217417/archive/M2_C5_n1_S9_R2_001.fastq.gz","f6e78efd3de51357ad4369635448c489",3293145425,"transcriptomics","Plateforme de Genomique Recherche",NA,"P37_ARJA_1|SHARING_P37_ARJA_1|mooseQC","mRNA-seq","NovaSeq"
"113","/odin/kdi/dataset/2217418/archive/M2_Gilt_n5_S42_I1_001.fastq.gz","87a00699c9a18c366f310276ddb37982",613477106,"transcriptomics","Plateforme de Genomique Recherche",NA,"P37_ARJA_1|SHARING_P37_ARJA_1|mooseQC","mRNA-seq","NovaSeq"
"114","/odin/kdi/dataset/2217418/archive/M2_Gilt_n5_S42_I2_001.fastq.gz","f7c57808cadc78e25225b4ce7c6a4edd",655604374,"transcriptomics","Plateforme de Genomique Recherche",NA,"P37_ARJA_1|SHARING_P37_ARJA_1|mooseQC","mRNA-seq","NovaSeq"
"115","/odin/kdi/dataset/2217418/archive/M2_Gilt_n5_S42_R1_001.fastq.gz","51ecbb7963cd679427ecac49dc35a41f",5014123810,"transcriptomics","Plateforme de Genomique Recherche",NA,"P37_ARJA_1|SHARING_P37_ARJA_1|mooseQC","mRNA-seq","NovaSeq"
"116","/odin/kdi/dataset/2217418/archive/M2_Gilt_n5_S42_R2_001.fastq.gz","d222369397ad0f09c6ecf3330a605de9",5085395343,"transcriptomics","Plateforme de Genomique Recherche",NA,"P37_ARJA_1|SHARING_P37_ARJA_1|mooseQC","mRNA-seq","NovaSeq"
"117","/odin/kdi/dataset/2217419/archive/M2_Mido_n3_S28_I1_001.fastq.gz","1164f8c4bf60b53c312395d15d435db4",320509322,"transcriptomics","Plateforme de Genomique Recherche",NA,"P37_ARJA_1|SHARING_P37_ARJA_1|mooseQC","mRNA-seq","NovaSeq"
"118","/odin/kdi/dataset/2217419/archive/M2_Mido_n3_S28_I2_001.fastq.gz","d500cae0df4f7f68ed46808cdf1d56c1",363920722,"transcriptomics","Plateforme de Genomique Recherche",NA,"P37_ARJA_1|SHARING_P37_ARJA_1|mooseQC","mRNA-seq","NovaSeq"
"119","/odin/kdi/dataset/2217419/archive/M2_Mido_n3_S28_R1_001.fastq.gz","23162c1f7c8d7f1d0a3ad421742a4d50",2677551025,"transcriptomics","Plateforme de Genomique Recherche",NA,"P37_ARJA_1|SHARING_P37_ARJA_1|mooseQC","mRNA-seq","NovaSeq"
"120","/odin/kdi/dataset/2217419/archive/M2_Mido_n3_S28_R2_001.fastq.gz","8f9b9570523f526274df3ca2ada75633",2834811178,"transcriptomics","Plateforme de Genomique Recherche",NA,"P37_ARJA_1|SHARING_P37_ARJA_1|mooseQC","mRNA-seq","NovaSeq"
"121","/odin/kdi/dataset/2217420/archive/M2_Sora_n1_S10_I1_001.fastq.gz","d59e3c2e85456e380117c9c7cf175a45",340571135,"transcriptomics","Plateforme de Genomique Recherche",NA,"P37_ARJA_1|SHARING_P37_ARJA_1|mooseQC","mRNA-seq","NovaSeq"
"122","/odin/kdi/dataset/2217420/archive/M2_Sora_n1_S10_I2_001.fastq.gz","8adeb836d8e5f2479372686c620f3ed5",318890597,"transcriptomics","Plateforme de Genomique Recherche",NA,"P37_ARJA_1|SHARING_P37_ARJA_1|mooseQC","mRNA-seq","NovaSeq"
"123","/odin/kdi/dataset/2217420/archive/M2_Sora_n1_S10_R1_001.fastq.gz","06b122f0df35ce90f677512c3bbcdcef",2349489389,"transcriptomics","Plateforme de Genomique Recherche",NA,"P37_ARJA_1|SHARING_P37_ARJA_1|mooseQC","mRNA-seq","NovaSeq"
"124","/odin/kdi/dataset/2217420/archive/M2_Sora_n1_S10_R2_001.fastq.gz","c825de4abdb2f6a109d6f10ff968fdec",2358502002,"transcriptomics","Plateforme de Genomique Recherche",NA,"P37_ARJA_1|SHARING_P37_ARJA_1|mooseQC","mRNA-seq","NovaSeq"
"125","/odin/kdi/dataset/2217421/archive/M2_C2_n5_S43_I1_001.fastq.gz","4b5d7358c5c230f1d642401d045e8a41",426121324,"transcriptomics","Plateforme de Genomique Recherche",NA,"P37_ARJA_1|SHARING_P37_ARJA_1|mooseQC","mRNA-seq","NovaSeq"
"126","/odin/kdi/dataset/2217421/archive/M2_C2_n5_S43_I2_001.fastq.gz","00a87372bc8df50c9ef8fdb77bcc9e08",450126079,"transcriptomics","Plateforme de Genomique Recherche",NA,"P37_ARJA_1|SHARING_P37_ARJA_1|mooseQC","mRNA-seq","NovaSeq"
"127","/odin/kdi/dataset/2217421/archive/M2_C2_n5_S43_R1_001.fastq.gz","5041d0752fb3ae0b6c105114e09bbbd9",3253737547,"transcriptomics","Plateforme de Genomique Recherche",NA,"P37_ARJA_1|SHARING_P37_ARJA_1|mooseQC","mRNA-seq","NovaSeq"
"128","/odin/kdi/dataset/2217421/archive/M2_C2_n5_S43_R2_001.fastq.gz","df532334854476ecb0d52370c543f0ec",3303428626,"transcriptomics","Plateforme de Genomique Recherche",NA,"P37_ARJA_1|SHARING_P37_ARJA_1|mooseQC","mRNA-seq","NovaSeq"
"129","/odin/kdi/dataset/2217422/archive/M2_C1_n2_S11_I1_001.fastq.gz","bdaf86fcf8fefb54da16368e03ead009",325326842,"transcriptomics","Plateforme de Genomique Recherche",NA,"P37_ARJA_1|SHARING_P37_ARJA_1|mooseQC","mRNA-seq","NovaSeq"
"130","/odin/kdi/dataset/2217422/archive/M2_C1_n2_S11_I2_001.fastq.gz","a62377a6b7e39e2f7c1ce870f9be7511",315375845,"transcriptomics","Plateforme de Genomique Recherche",NA,"P37_ARJA_1|SHARING_P37_ARJA_1|mooseQC","mRNA-seq","NovaSeq"
"131","/odin/kdi/dataset/2217422/archive/M2_C1_n2_S11_R1_001.fastq.gz","fa15889699f02aa7a13df391f5cd3f52",2188324090,"transcriptomics","Plateforme de Genomique Recherche",NA,"P37_ARJA_1|SHARING_P37_ARJA_1|mooseQC","mRNA-seq","NovaSeq"
"132","/odin/kdi/dataset/2217422/archive/M2_C1_n2_S11_R2_001.fastq.gz","36b6ad996330216cc27be4e622b63b6f",2239823044,"transcriptomics","Plateforme de Genomique Recherche",NA,"P37_ARJA_1|SHARING_P37_ARJA_1|mooseQC","mRNA-seq","NovaSeq"
"133","/odin/kdi/dataset/2217423/archive/M2_C5_n3_S29_I1_001.fastq.gz","adcc2d8060983a8163de0c4e87a77201",406272274,"transcriptomics","Plateforme de Genomique Recherche",NA,"P37_ARJA_1|SHARING_P37_ARJA_1|mooseQC","mRNA-seq","NovaSeq"
"134","/odin/kdi/dataset/2217423/archive/M2_C5_n3_S29_I2_001.fastq.gz","fce149a59b08e1d1687b387cdd518acc",404713327,"transcriptomics","Plateforme de Genomique Recherche",NA,"P37_ARJA_1|SHARING_P37_ARJA_1|mooseQC","mRNA-seq","NovaSeq"
"135","/odin/kdi/dataset/2217423/archive/M2_C5_n3_S29_R1_001.fastq.gz","2423bba0f7664f298c415d1f2365c7f1",3153717524,"transcriptomics","Plateforme de Genomique Recherche",NA,"P37_ARJA_1|SHARING_P37_ARJA_1|mooseQC","mRNA-seq","NovaSeq"
"136","/odin/kdi/dataset/2217423/archive/M2_C5_n3_S29_R2_001.fastq.gz","495b5450f021aea7453a9c05b18f5777",3261550295,"transcriptomics","Plateforme de Genomique Recherche",NA,"P37_ARJA_1|SHARING_P37_ARJA_1|mooseQC","mRNA-seq","NovaSeq"
"137","/odin/kdi/dataset/2217424/archive/M2_Gilt_n2_S12_I1_001.fastq.gz","b87661f202a5f52022d25b8a89e406ac",443256317,"transcriptomics","Plateforme de Genomique Recherche",NA,"P37_ARJA_1|SHARING_P37_ARJA_1|mooseQC","mRNA-seq","NovaSeq"
"138","/odin/kdi/dataset/2217424/archive/M2_Gilt_n2_S12_I2_001.fastq.gz","c640aac3dcf5f74d71f9f769bf240b00",474103368,"transcriptomics","Plateforme de Genomique Recherche",NA,"P37_ARJA_1|SHARING_P37_ARJA_1|mooseQC","mRNA-seq","NovaSeq"
"139","/odin/kdi/dataset/2217424/archive/M2_Gilt_n2_S12_R1_001.fastq.gz","45f359de75d10ebd90a91031484ae6cc",3356320538,"transcriptomics","Plateforme de Genomique Recherche",NA,"P37_ARJA_1|SHARING_P37_ARJA_1|mooseQC","mRNA-seq","NovaSeq"
"140","/odin/kdi/dataset/2217424/archive/M2_Gilt_n2_S12_R2_001.fastq.gz","a304c89625f13fe97d1fc1870cf6637d",3416748601,"transcriptomics","Plateforme de Genomique Recherche",NA,"P37_ARJA_1|SHARING_P37_ARJA_1|mooseQC","mRNA-seq","NovaSeq"
"141","/odin/kdi/dataset/2217425/archive/M2_Creno_n5_S44_I1_001.fastq.gz","40f4246c9cc735681e5290a507591453",500000407,"transcriptomics","Plateforme de Genomique Recherche",NA,"P37_ARJA_1|SHARING_P37_ARJA_1|mooseQC","mRNA-seq","NovaSeq"
"142","/odin/kdi/dataset/2217425/archive/M2_Creno_n5_S44_I2_001.fastq.gz","d1f8f0df5ecf09879e5aa3098f690e57",539027690,"transcriptomics","Plateforme de Genomique Recherche",NA,"P37_ARJA_1|SHARING_P37_ARJA_1|mooseQC","mRNA-seq","NovaSeq"
"143","/odin/kdi/dataset/2217425/archive/M2_Creno_n5_S44_R1_001.fastq.gz","b012fa144ff6635fa2adfdf43da6540d",4019795864,"transcriptomics","Plateforme de Genomique Recherche",NA,"P37_ARJA_1|SHARING_P37_ARJA_1|mooseQC","mRNA-seq","NovaSeq"
"144","/odin/kdi/dataset/2217425/archive/M2_Creno_n5_S44_R2_001.fastq.gz","c58e3275b303d8a37d4f818099ae8352",4054764999,"transcriptomics","Plateforme de Genomique Recherche",NA,"P37_ARJA_1|SHARING_P37_ARJA_1|mooseQC","mRNA-seq","NovaSeq"
"145","/odin/kdi/dataset/2217426/archive/M2_Sora_n3_S30_I1_001.fastq.gz","f825ee08856d7dc9d2f144f09669e3e0",588628255,"transcriptomics","Plateforme de Genomique Recherche",NA,"P37_ARJA_1|SHARING_P37_ARJA_1|mooseQC","mRNA-seq","NovaSeq"
"146","/odin/kdi/dataset/2217426/archive/M2_Sora_n3_S30_I2_001.fastq.gz","14c2286edc0b143ff59a8ca33c2e3456",604915580,"transcriptomics","Plateforme de Genomique Recherche",NA,"P37_ARJA_1|SHARING_P37_ARJA_1|mooseQC","mRNA-seq","NovaSeq"
"147","/odin/kdi/dataset/2217426/archive/M2_Sora_n3_S30_R1_001.fastq.gz","013abd5037c2c7d125361441c9a5e338",4581126175,"transcriptomics","Plateforme de Genomique Recherche",NA,"P37_ARJA_1|SHARING_P37_ARJA_1|mooseQC","mRNA-seq","NovaSeq"
"148","/odin/kdi/dataset/2217426/archive/M2_Sora_n3_S30_R2_001.fastq.gz","0683d4808d29d89e96fa81c1476b4698",4742419278,"transcriptomics","Plateforme de Genomique Recherche",NA,"P37_ARJA_1|SHARING_P37_ARJA_1|mooseQC","mRNA-seq","NovaSeq"
"149","/odin/kdi/dataset/2217427/archive/M2_C2_n2_S13_I1_001.fastq.gz","c0226d114ad0d9da533a2ba337b8305e",447033321,"transcriptomics","Plateforme de Genomique Recherche",NA,"P37_ARJA_1|SHARING_P37_ARJA_1|mooseQC","mRNA-seq","NovaSeq"
"150","/odin/kdi/dataset/2217427/archive/M2_C2_n2_S13_I2_001.fastq.gz","2122a42aa9b3f22773e93f9669d7ec66",473085559,"transcriptomics","Plateforme de Genomique Recherche",NA,"P37_ARJA_1|SHARING_P37_ARJA_1|mooseQC","mRNA-seq","NovaSeq"
"151","/odin/kdi/dataset/2217427/archive/M2_C2_n2_S13_R1_001.fastq.gz","a230c0ec9f5d902befd1d8d1ca3d81a7",3398580256,"transcriptomics","Plateforme de Genomique Recherche",NA,"P37_ARJA_1|SHARING_P37_ARJA_1|mooseQC","mRNA-seq","NovaSeq"
"152","/odin/kdi/dataset/2217427/archive/M2_C2_n2_S13_R2_001.fastq.gz","9c71a03fac2f5df43c376d81af9fe785",3470609268,"transcriptomics","Plateforme de Genomique Recherche",NA,"P37_ARJA_1|SHARING_P37_ARJA_1|mooseQC","mRNA-seq","NovaSeq"
"153","/odin/kdi/dataset/2217428/archive/M2_C3_n5_S45_I1_001.fastq.gz","2754efe1c75c222c6b782ee6f7765d66",506508502,"transcriptomics","Plateforme de Genomique Recherche",NA,"P37_ARJA_1|SHARING_P37_ARJA_1|mooseQC","mRNA-seq","NovaSeq"
"154","/odin/kdi/dataset/2217428/archive/M2_C3_n5_S45_I2_001.fastq.gz","6d86f10abed291bf522d722dd55525b5",490970447,"transcriptomics","Plateforme de Genomique Recherche",NA,"P37_ARJA_1|SHARING_P37_ARJA_1|mooseQC","mRNA-seq","NovaSeq"
"155","/odin/kdi/dataset/2217428/archive/M2_C3_n5_S45_R1_001.fastq.gz","fce01465914093b268c482d7ba87f562",3678577262,"transcriptomics","Plateforme de Genomique Recherche",NA,"P37_ARJA_1|SHARING_P37_ARJA_1|mooseQC","mRNA-seq","NovaSeq"
"156","/odin/kdi/dataset/2217428/archive/M2_C3_n5_S45_R2_001.fastq.gz","6390de81f4dfc140a2b96f97d1ca53a3",3713493192,"transcriptomics","Plateforme de Genomique Recherche",NA,"P37_ARJA_1|SHARING_P37_ARJA_1|mooseQC","mRNA-seq","NovaSeq"
"157","/odin/kdi/dataset/2217429/archive/M2_C1_n4_S31_I1_001.fastq.gz","f5d95beadbb994a91963f96db30b5f9c",525653127,"transcriptomics","Plateforme de Genomique Recherche",NA,"P37_ARJA_1|SHARING_P37_ARJA_1|mooseQC","mRNA-seq","NovaSeq"
"158","/odin/kdi/dataset/2217429/archive/M2_C1_n4_S31_I2_001.fastq.gz","e2bd12a91bc92785080c087bc1de3400",507040929,"transcriptomics","Plateforme de Genomique Recherche",NA,"P37_ARJA_1|SHARING_P37_ARJA_1|mooseQC","mRNA-seq","NovaSeq"
"159","/odin/kdi/dataset/2217429/archive/M2_C1_n4_S31_R1_001.fastq.gz","0a17d768be6a4c452d07606a6caf35cf",4021454108,"transcriptomics","Plateforme de Genomique Recherche",NA,"P37_ARJA_1|SHARING_P37_ARJA_1|mooseQC","mRNA-seq","NovaSeq"
"160","/odin/kdi/dataset/2217429/archive/M2_C1_n4_S31_R2_001.fastq.gz","15e3726221574603140385467c1f0aa1",4083256960,"transcriptomics","Plateforme de Genomique Recherche",NA,"P37_ARJA_1|SHARING_P37_ARJA_1|mooseQC","mRNA-seq","NovaSeq"
"161","/odin/kdi/dataset/2217430/archive/M2_Creno_n2_S14_I1_001.fastq.gz","fa74924ea850dacdc64059c31768b132",394493669,"transcriptomics","Plateforme de Genomique Recherche",NA,"P37_ARJA_1|SHARING_P37_ARJA_1|mooseQC","mRNA-seq","NovaSeq"
"162","/odin/kdi/dataset/2217430/archive/M2_Creno_n2_S14_I2_001.fastq.gz","1bf14d5690a9ddc5d92d4e9d88535bb3",393590773,"transcriptomics","Plateforme de Genomique Recherche",NA,"P37_ARJA_1|SHARING_P37_ARJA_1|mooseQC","mRNA-seq","NovaSeq"
"163","/odin/kdi/dataset/2217430/archive/M2_Creno_n2_S14_R1_001.fastq.gz","729e9d4e73570fa51816bf5792bf6141",2756949837,"transcriptomics","Plateforme de Genomique Recherche",NA,"P37_ARJA_1|SHARING_P37_ARJA_1|mooseQC","mRNA-seq","NovaSeq"
"164","/odin/kdi/dataset/2217430/archive/M2_Creno_n2_S14_R2_001.fastq.gz","25f9a5df3fd3007080b501776a6ffe42",2820421502,"transcriptomics","Plateforme de Genomique Recherche",NA,"P37_ARJA_1|SHARING_P37_ARJA_1|mooseQC","mRNA-seq","NovaSeq"
"165","/odin/kdi/dataset/2217431/archive/M2_Quiz_n5_S46_I1_001.fastq.gz","361dd228c3174f57d82f5c50a4069297",827369783,"transcriptomics","Plateforme de Genomique Recherche",NA,"P37_ARJA_1|SHARING_P37_ARJA_1|mooseQC","mRNA-seq","NovaSeq"
"166","/odin/kdi/dataset/2217431/archive/M2_Quiz_n5_S46_I2_001.fastq.gz","81f692953b644aa41199cc014a6fae46",847416391,"transcriptomics","Plateforme de Genomique Recherche",NA,"P37_ARJA_1|SHARING_P37_ARJA_1|mooseQC","mRNA-seq","NovaSeq"
"167","/odin/kdi/dataset/2217431/archive/M2_Quiz_n5_S46_R1_001.fastq.gz","4acd9676473119f3a4dc43966272180b",6537506528,"transcriptomics","Plateforme de Genomique Recherche",NA,"P37_ARJA_1|SHARING_P37_ARJA_1|mooseQC","mRNA-seq","NovaSeq"
"168","/odin/kdi/dataset/2217431/archive/M2_Quiz_n5_S46_R2_001.fastq.gz","cb69f41f49d462b21df62c3128f066f8",6572094775,"transcriptomics","Plateforme de Genomique Recherche",NA,"P37_ARJA_1|SHARING_P37_ARJA_1|mooseQC","mRNA-seq","NovaSeq"
"169","/odin/kdi/dataset/2217432/archive/M2_Gilt_n4_S32_I1_001.fastq.gz","6a4a7f9999fafcf1e3078b65c13dccc3",491117644,"transcriptomics","Plateforme de Genomique Recherche",NA,"P37_ARJA_1|SHARING_P37_ARJA_1|mooseQC","mRNA-seq","NovaSeq"
"170","/odin/kdi/dataset/2217432/archive/M2_Gilt_n4_S32_I2_001.fastq.gz","e918ea18e6964afd9c5db71dc287d560",456131879,"transcriptomics","Plateforme de Genomique Recherche",NA,"P37_ARJA_1|SHARING_P37_ARJA_1|mooseQC","mRNA-seq","NovaSeq"
"171","/odin/kdi/dataset/2217432/archive/M2_Gilt_n4_S32_R1_001.fastq.gz","d72570358ef0826a20f6bc86539dc8c9",3416117758,"transcriptomics","Plateforme de Genomique Recherche",NA,"P37_ARJA_1|SHARING_P37_ARJA_1|mooseQC","mRNA-seq","NovaSeq"
"172","/odin/kdi/dataset/2217432/archive/M2_Gilt_n4_S32_R2_001.fastq.gz","0756bbd920c5d5f442a9ea1c9ad79444",3471535037,"transcriptomics","Plateforme de Genomique Recherche",NA,"P37_ARJA_1|SHARING_P37_ARJA_1|mooseQC","mRNA-seq","NovaSeq"
"173","/odin/kdi/dataset/2217433/archive/M2_C3_n2_S15_I1_001.fastq.gz","1818cc3a354146ab4144ef6edf24ffb3",410913062,"transcriptomics","Plateforme de Genomique Recherche",NA,"P37_ARJA_1|SHARING_P37_ARJA_1|mooseQC","mRNA-seq","NovaSeq"
"174","/odin/kdi/dataset/2217433/archive/M2_C3_n2_S15_I2_001.fastq.gz","e80ed5fd4751d083ee0426c7996aab2a",473805757,"transcriptomics","Plateforme de Genomique Recherche",NA,"P37_ARJA_1|SHARING_P37_ARJA_1|mooseQC","mRNA-seq","NovaSeq"
"175","/odin/kdi/dataset/2217433/archive/M2_C3_n2_S15_R1_001.fastq.gz","4cd6394b6b045edbb83cf2b5eabb5d0c",3157894966,"transcriptomics","Plateforme de Genomique Recherche",NA,"P37_ARJA_1|SHARING_P37_ARJA_1|mooseQC","mRNA-seq","NovaSeq"
"176","/odin/kdi/dataset/2217433/archive/M2_C3_n2_S15_R2_001.fastq.gz","1ef41cee42b662fa1bd021fd447ea76d",3244655450,"transcriptomics","Plateforme de Genomique Recherche",NA,"P37_ARJA_1|SHARING_P37_ARJA_1|mooseQC","mRNA-seq","NovaSeq"
"177","/odin/kdi/dataset/2217434/archive/M2_C2_n4_S33_I1_001.fastq.gz","56ec262e89b1f092576311829254cd73",456168211,"transcriptomics","Plateforme de Genomique Recherche",NA,"P37_ARJA_1|SHARING_P37_ARJA_1|mooseQC","mRNA-seq","NovaSeq"
"178","/odin/kdi/dataset/2217434/archive/M2_C2_n4_S33_I2_001.fastq.gz","3019a2554bc0221ed74421488fe36e82",460737335,"transcriptomics","Plateforme de Genomique Recherche",NA,"P37_ARJA_1|SHARING_P37_ARJA_1|mooseQC","mRNA-seq","NovaSeq"
"179","/odin/kdi/dataset/2217434/archive/M2_C2_n4_S33_R1_001.fastq.gz","11e27a82f251c4ffb785a0eef2024134",3486556203,"transcriptomics","Plateforme de Genomique Recherche",NA,"P37_ARJA_1|SHARING_P37_ARJA_1|mooseQC","mRNA-seq","NovaSeq"
"180","/odin/kdi/dataset/2217434/archive/M2_C2_n4_S33_R2_001.fastq.gz","87d63fcf25eb80c391cf86b3a4fe715d",3662064339,"transcriptomics","Plateforme de Genomique Recherche",NA,"P37_ARJA_1|SHARING_P37_ARJA_1|mooseQC","mRNA-seq","NovaSeq"
"181","/odin/kdi/dataset/2217435/archive/M2_Quiz_n2_S16_I1_001.fastq.gz","4217b64772a305500fbbd1e667440deb",358733419,"transcriptomics","Plateforme de Genomique Recherche",NA,"P37_ARJA_1|SHARING_P37_ARJA_1|mooseQC","mRNA-seq","NovaSeq"
"182","/odin/kdi/dataset/2217435/archive/M2_Quiz_n2_S16_I2_001.fastq.gz","a51b9e9884d83a612a848aa48b7120b1",385117827,"transcriptomics","Plateforme de Genomique Recherche",NA,"P37_ARJA_1|SHARING_P37_ARJA_1|mooseQC","mRNA-seq","NovaSeq"
"183","/odin/kdi/dataset/2217435/archive/M2_Quiz_n2_S16_R1_001.fastq.gz","980df95ad6097bdd9296d72dc532da1a",2643829027,"transcriptomics","Plateforme de Genomique Recherche",NA,"P37_ARJA_1|SHARING_P37_ARJA_1|mooseQC","mRNA-seq","NovaSeq"
"184","/odin/kdi/dataset/2217435/archive/M2_Quiz_n2_S16_R2_001.fastq.gz","1af2622d22b494ada7896fec912c0b67",2682247483,"transcriptomics","Plateforme de Genomique Recherche",NA,"P37_ARJA_1|SHARING_P37_ARJA_1|mooseQC","mRNA-seq","NovaSeq"
"185","/odin/kdi/dataset/2217436/archive/M2_C4_n5_S47_I1_001.fastq.gz","706b5b5618e26352fcffeb397fdb0961",514704280,"transcriptomics","Plateforme de Genomique Recherche",NA,"P37_ARJA_1|SHARING_P37_ARJA_1|mooseQC","mRNA-seq","NovaSeq"
"186","/odin/kdi/dataset/2217436/archive/M2_C4_n5_S47_I2_001.fastq.gz","b0a099c162cc213952f93a20da6cc26a",563383149,"transcriptomics","Plateforme de Genomique Recherche",NA,"P37_ARJA_1|SHARING_P37_ARJA_1|mooseQC","mRNA-seq","NovaSeq"
"187","/odin/kdi/dataset/2217436/archive/M2_C4_n5_S47_R1_001.fastq.gz","f03951d906affb111bd63852822d9df5",4001392166,"transcriptomics","Plateforme de Genomique Recherche",NA,"P37_ARJA_1|SHARING_P37_ARJA_1|mooseQC","mRNA-seq","NovaSeq"
"188","/odin/kdi/dataset/2217436/archive/M2_C4_n5_S47_R2_001.fastq.gz","96b14f18d8f795a66da005787dea79f9",4010627401,"transcriptomics","Plateforme de Genomique Recherche",NA,"P37_ARJA_1|SHARING_P37_ARJA_1|mooseQC","mRNA-seq","NovaSeq"
"189","/odin/kdi/dataset/2217437/archive/M2_C4_n2_S17_I1_001.fastq.gz","fb2e6a7fd462c8a1c6767344342b7d48",342341691,"transcriptomics","Plateforme de Genomique Recherche",NA,"P37_ARJA_1|SHARING_P37_ARJA_1|mooseQC","mRNA-seq","NovaSeq"
"190","/odin/kdi/dataset/2217437/archive/M2_C4_n2_S17_I2_001.fastq.gz","3b5e55a516e71abf06795da56f3eba4a",357877798,"transcriptomics","Plateforme de Genomique Recherche",NA,"P37_ARJA_1|SHARING_P37_ARJA_1|mooseQC","mRNA-seq","NovaSeq"
"191","/odin/kdi/dataset/2217437/archive/M2_C4_n2_S17_R1_001.fastq.gz","353ff2d5d6f051c4a7b256b656cb2d87",2525154438,"transcriptomics","Plateforme de Genomique Recherche",NA,"P37_ARJA_1|SHARING_P37_ARJA_1|mooseQC","mRNA-seq","NovaSeq"
"192","/odin/kdi/dataset/2217437/archive/M2_C4_n2_S17_R2_001.fastq.gz","b2191e3a78ee7c32f3d1515edf659f94",2575829069,"transcriptomics","Plateforme de Genomique Recherche",NA,"P37_ARJA_1|SHARING_P37_ARJA_1|mooseQC","mRNA-seq","NovaSeq"
"193","/odin/kdi/dataset/2217438/archive/M2_Mido_n5_S48_I1_001.fastq.gz","aab037269334d51b97085a51652761c8",859519610,"transcriptomics","Plateforme de Genomique Recherche",NA,"P37_ARJA_1|SHARING_P37_ARJA_1|mooseQC","mRNA-seq","NovaSeq"
"194","/odin/kdi/dataset/2217438/archive/M2_Mido_n5_S48_I2_001.fastq.gz","1708b1cb32f9b3f22c1ffa651f89d18f",886452025,"transcriptomics","Plateforme de Genomique Recherche",NA,"P37_ARJA_1|SHARING_P37_ARJA_1|mooseQC","mRNA-seq","NovaSeq"
"195","/odin/kdi/dataset/2217438/archive/M2_Mido_n5_S48_R1_001.fastq.gz","e7bbf22cc1223bc3d02f675145456f97",7006951794,"transcriptomics","Plateforme de Genomique Recherche",NA,"P37_ARJA_1|SHARING_P37_ARJA_1|mooseQC","mRNA-seq","NovaSeq"
"196","/odin/kdi/dataset/2217438/archive/M2_Mido_n5_S48_R2_001.fastq.gz","10ab8a25074709979ff2e024aa7f37ed",7122863026,"transcriptomics","Plateforme de Genomique Recherche",NA,"P37_ARJA_1|SHARING_P37_ARJA_1|mooseQC","mRNA-seq","NovaSeq"
"197","/odin/kdi/dataset/2217439/archive/M2_C5_n5_S49_I1_001.fastq.gz","241719d478d885af810ca983102d686b",600907730,"transcriptomics","Plateforme de Genomique Recherche",NA,"P37_ARJA_1|SHARING_P37_ARJA_1|mooseQC","mRNA-seq","NovaSeq"
"198","/odin/kdi/dataset/2217439/archive/M2_C5_n5_S49_I2_001.fastq.gz","0a2e16388d269da9ce23468453e3ef69",605818709,"transcriptomics","Plateforme de Genomique Recherche",NA,"P37_ARJA_1|SHARING_P37_ARJA_1|mooseQC","mRNA-seq","NovaSeq"
"199","/odin/kdi/dataset/2217439/archive/M2_C5_n5_S49_R1_001.fastq.gz","7190a6d692aa46d719c286e33eed8af3",4211749065,"transcriptomics","Plateforme de Genomique Recherche",NA,"P37_ARJA_1|SHARING_P37_ARJA_1|mooseQC","mRNA-seq","NovaSeq"
"200","/odin/kdi/dataset/2217439/archive/M2_C5_n5_S49_R2_001.fastq.gz","8761c0494a91f5259b0b9bae7208cbdb",4301982244,"transcriptomics","Plateforme de Genomique Recherche",NA,"P37_ARJA_1|SHARING_P37_ARJA_1|mooseQC","mRNA-seq","NovaSeq"
